{
  "version": 1,
  "author": "Uri Shaked",
  "editor": "wokwi",
  "parts": [
    { "type": "wokwi-esp32-devkit-v1", "id": "esp", "top": -126.25, "left": -257.7, "attrs": {} },
    {
      "type": "wokwi-pir-motion-sensor",
      "id": "pir1",
      "top": -344.75,
      "left": -530.85,
      "attrs": {}
    },
    { "type": "wokwi-ks2e-m-dc5", "id": "relay2", "top": -406.3, "left": 118, "attrs": {} },
    {
      "type": "wokwi-led",
      "id": "led1",
      "top": -453.83,
      "left": 64.03,
      "attrs": { "color": "red" }
    },
    {
      "type": "wokwi-lcd1602",
      "id": "lcd2",
      "top": -369.9,
      "left": -326.45,
      "attrs": { "pins": "i2c", "i2c-address": "0x27" }
    },
    {
      "type": "wokwi-dht22",
      "id": "dht1",
      "top": -205.97,
      "left": -644.26,
      "attrs": { "humidity": "78" }
    }
  ],
  "connections": [
    [ "esp:TX0", "$serialMonitor:RX", "", [] ],
    [ "esp:RX0", "$serialMonitor:TX", "", [] ],
    [ "pir1:OUT", "esp:D12", "green", [ "v0" ] ],
    [ "pir1:VCC", "esp:VIN", "red", [ "v0" ] ],
    [ "pir1:GND", "esp:GND.2", "black", [ "v0" ] ],
    [ "esp:3V3", "relay2:P1", "red", [ "v-1.55", "h302.16" ] ],
    [ "relay2:COIL2", "esp:GND.1", "black", [ "v-19.15", "h34.96", "v248.59" ] ],
    [ "relay2:COIL1", "esp:D2", "orange", [ "v0" ] ],
    [ "relay2:NO1", "led1:A", "red", [ "v14.97", "h-37.57" ] ],
    [ "led1:C", "esp:GND.1", "black", [ "v0" ] ],
    [ "esp:GND.2", "lcd2:GND", "black", [ "h-147.21", "v-356.08" ] ],
    [ "lcd2:VCC", "esp:VIN", "red", [ "h-70.02", "v358.44" ] ],
    [ "esp:D21", "lcd2:SDA", "green", [ "h19.32", "v-83.89", "h-225.74", "v-171.66" ] ],
    [ "esp:D22", "lcd2:SCL", "blue", [ "h15.05", "v-62.46", "h-211.6", "v-154.69" ] ],
    [ "dht1:GND", "esp:GND.2", "black", [ "v0" ] ],
    [ "esp:3V3", "dht1:VCC", "red", [ "v-1.28", "h22.29", "v61.03", "h-440.14" ] ],
    [ "dht1:SDA", "esp:D14", "cyan", [ "v0" ] ]
  ]
}